"","Df","Sum Sq","Mean Sq","F value","Pr(>F)"
"Var1",1,141791.417608696,141791.417608696,21.609223807638,0.000123779502384632
"Residuals",22,144355.540724638,6561.61548748354,NA,NA
