"","MAD","Promedio","Mediana","IQR","Varianza"
"1",13.3434,40.8554027504912,40,19,176.794114363475
